aid,geom,name,shortname,structure,region,comment,last_edit,rough_structure
5,0103000020E8640000010000001F000000FEC6809A90071D418D507E13D3E554419A22246D83071D41FC528A71ACE55441AB0A0BA570071D410F7BA94A80E554413B23D0C0E1061D411C55342961E554418517E56478061D417BE097F450E55441E94DA50B78061D411793C3154CE55441DF20AF82E9071D41B62F03D045E55441D73348E270071D41FAF6B99E16E554418F5E60FD90091D4177818BBA12E554410FD42BB34E0B1D41DA1F6B8911E554412FD89A12C80C1D410D664DD613E55441FD4073D5580D1D41D78DE1E705E554418ED6ED3E0C0E1D41CA9E6B0AFDE45441383C1E01870F1D41F354391C13E55441DE77F7543D111D411FF7F80423E554412EAFFB1756121D4149B965EE41E5544108A0111445121D413E6B48CE43E55441BE31682009121D41EE2A9A9F44E554413833EEE4B8111D41E6CB420256E55441D1CF9F6420121D41C4AD2C105FE5544184BD336637121D4175D342C375E55441C8C93CF61E121D4175C36A3388E554419F54A2369C101D413A1FA3228BE554417462CD6C8A101D41EF0D188695E55441BF12268DD90E1D414AB5AF069AE554416284247CA20C1D416D03DFA491E554417EB843146D0B1D41DB1967B8DCE55441E3703122FD091D41EA4AD8E4FCE55441417EEBE7590A1D413F30CCB8CBE55441BDE9E901CD091D413454E4C2C8E55441FEC6809A90071D418D507E13D3E55441,Dossenheim-Nordwest,DH-NW,Kleinstadt,MRN,,2023-03-13 10:50:47.854,ländlich
10,0103000020E864000001000000360000001F21C6CB044A1A412187FF848DF655418763315C064A1A41761849E786F65541CC122AC24C4A1A41F80245427CF6554188597D44954A1A4149FA57746DF65541BB466C19054B1A4194AFE53C5EF6554180AB58378B4B1A417EE56A1E46F65541090C4C1FA14B1A41385906843BF65541BA16835F8D4B1A41C53874E633F65541A5BED03B6C4B1A41CD5F6F752DF65541ACA939D0474B1A413C16083925F655418795484B164B1A41D6C8DDED22F6554166F71238F14A1A4169CF55E21FF65541F8128131EA4A1A414E61038B1BF655418011909FE24A1A411823C9BE14F6554191B1C91A724B1A41F668201615F65541E66BDF68294B1A418C2E05F402F65541DEB0576BE54A1A412CCB56B0F2F55541ACA4A326E14A1A4187FCEC6CDFF5554148343DE8BF4A1A41A823F900D1F55541295C935BBD4A1A4133EFC07FC5F555416E790DA1C34A1A410723950EBBF5554187EEF449DD4A1A41FB7D86CCB0F55541C61A14FADA4A1A410160365DA6F55541AC57EF43BA4A1A4104C58E599AF555413469BB220F4C1A411940ABD08EF555412848A4CBBE4D1A414A27662586F55541B38083251B501A41E4E5DBE081F55541D861EFAA82531A4168BA0C3382F5554173B502798B551A419320727188F555414185F2926F581A41C8049E5F90F5554199B84601515A1A41F6DB48A37FF55541EED15285AF5B1A41A89BC4738CF5554129756C0FCA5D1A4158723E5C95F55541C18A209D95611A41E121DDC29BF55541BD416612A7601A41A3FBF00FB8F555411ABB84D6445F1A41B2D99143D5F55541E0BB05078B5E1A41FFEB3D56E3F55541326902090C5E1A4140113555F7F5554170AC1A5A785D1A41A075CB9108F65541AEE458225D5C1A4135DD7A9721F655412AF952F6405B1A4117C77E3036F655415429AE40155A1A416C24F59A44F65541994619745C581A41A58714FA56F65541748BB6A8FD571A413864E1E45AF655417D5252BCA0571A413A96346F5FF655418216C2C596561A41ECB4A9416AF65541F0847371F9541A41466C9E0A76F65541EC92206D9B521A41294A780A80F6554189B2C6D398511A41412CDC9B83F655410E835CBDA04F1A4107C50B5789F65541DA1CDFC2E64D1A414AC3BBC98CF65541A58EAF347D4C1A413BA567E38FF655419BF0DF828B4B1A41FB396EFB8EF655411F21C6CB044A1A412187FF848DF65541,Warendorf-Nordost,WAF-NO,Stadt,MSL,,2023-03-17 14:14:10.788,städtisch
9,0103000020E86400000100000030000000BF241ABBAE401A410B38EC1518F55541BB9042DC75411A418FBEE94934F55541E0384A9D24411A4174BA767F38F555418E35FCD35E421A41F256F5825AF55541441B363EA8411A4139EDF0026CF555415919777DC6411A4180296D1074F555413604C44081421A419711D44775F55541A2076620F9421A414FAA533870F55541686147BFAD431A418B229A5F85F55541C6A9987895441A410E27697BA0F555412670E5F322451A41492D46E0A9F55541E0E79E0FDB451A41069E09F5B0F555415CFDC1B2FF451A411AA1C68BB1F55541D09BECBFEB461A4124D57483A4F5554185C0CA208F471A41384E0EFE98F55541C5817F482F481A41C2874CE38DF55541F43422D2B9481A4120A2260B8AF5554141B261701B491A41CA3AE84481F55541F207F64880491A41B2B9011478F555417F828A750A4A1A41BE083A9472F5554154E33941A34A1A41385D9F2B64F5554130834833894B1A41563E566B59F55541AE601433694C1A412F77E9C651F5554138009F13B14D1A414F62DD984EF55541BCC212D2B34E1A41AD88392B4AF5554152883718704F1A41FF8AD7E543F5554158199C02454F1A4153D0CDDE3AF5554116AD50CF484F1A41411C0A702FF5554138EC7776FF4F1A4153A70B532CF55541FAB797C1FF4F1A418F6B70511FF5554141D0B538A44F1A41CEEA409A11F55541E00F01CF874F1A41DE9B367003F5554134005F49364F1A419D89D46FFCF45541D019ED2EDC4E1A418208146BEAF45541E49FA463954E1A4171A4A32DD9F45541AF78151A1A4E1A416E2E9641DEF45541B915A387BC4D1A412A26E0E1E7F45541917C88E2614D1A417FAD0E50F0F4554186B7FFBD844B1A418CF59FF9E7F45541EAD341D72A4A1A416E1642B6E1F455413E84D331A3491A4121FF3903EAF455412EE957BBC2471A4192611D5DF2F45541F09075769C451A41A943B312FDF455418D37EE8097431A415EF844EB06F555415C7663D22E421A41BD53449E0BF5554143696AB80F411A413CBB02D60FF555417F3746C697401A41A013B6A712F55541BF241ABBAE401A410B38EC1518F55541,Warendorf-Innenstadt,WAF-IS,Innenstadt,MSL,,2023-03-17 11:55:24.165,städtisch
2,0103000020E8640000010000004900000082F29D59B19B1D415FF09720EBD95441D2729D5DED9A1D4175FD1EEAE7D9544101124BED0B9B1D41E2237611D8D95441CF8182799F9B1D4162E1E957CFD954418BE21B083B9C1D416B8F0916BFD954411986C7844D9C1D41DBA9E5FAB8D95441B8B59BD7F9981D41008123A394D9544139A4E161F1981D415F662EC891D95441C6F61A34089B1D41D832A5A082D9544189F8D8D8AD9B1D41E2DD7E936AD95441CA93F4FF389B1D41700B86D466D954418B13B6747B9B1D412BED23C161D95441C266240FD39B1D41B9413AD163D954419E2F7A01BA9C1D41AA0D08CF2BD9544164B2CF522B9E1D41EB707ADD06D95441B8271714D39C1D41769DE32EFDD8544190D1A28F429D1D4168B24A02E5D8544146CC5684979D1D41A77E6CD3D9D854419F2543D2059E1D418FB9818FD6D85441F0C3B835B29D1D419419C099D0D854410119381B4A9D1D41A74030B2D2D85441FBE405F4199D1D41EABD6382CDD85441CF706D1C549D1D4108D67A15C9D8544106B31A0EDD9C1D41B45482BDC2D85441BC6ED0F5769D1D411F3F82B3BBD85441A5F8335FC29D1D41F35892C7C4D8544178BEB40D729E1D4151E52D8ED3D85441F173289FB6A11D415DE71B67B8D85441EACB830310A31D41D53D449EABD854418807C11CE4A41D417AF808B6CAD85441F22DA19BF7A61D41437DD6D49AD85441BF0181E523A71D419BBA508DA7D854413E5FE896AEA81D41173DB3BFBBD8544128992E8AB4AA1D410B93778CA4D85441B383DA70FBAA1D41C09ED1B4A5D85441F653E55E1CAC1D412493BB09C7D854412799341D0CAC1D417AB9E64CD1D854412DF3788F37A71D4160B35504F0D8544161DC1F5055A61D411745447B05D95441EA521A36D6A41D41D2F671130DD954413C9AECA3C5A31D41740C01BB16D95441A7D72D3237A41D413CB6C7622FD954414092A744ACA51D4176BA206731D954419596D0A6ACA51D4128D9779F3AD954412A1A834F57A61D41B32018A935D954417216EC777DA61D412FCA115E45D95441DABD70AA7AA61D41D92DD3284DD95441EB14915E3EA51D415F88FB5657D95441877261847BA51D4183826FAA68D95441EC6445D15FA61D414D0B633285D954411ABA4636EBA51D41EA289F0887D95441E4D9201138A51D413D1D041A88D954413CB993F137A41D4120B1BEE88BD954410FE32BAB84A31D41330F62DC89D954416AC65E49FFA21D41C63C891A89D95441A663F3F590A21D41535BCA968BD954417CDEDCACB8A11D413E9DDB3B95D954410D36EE52C7A01D4164AC1A539DD95441832DC365DEA01D4186D4E5F4A0D95441D04CA5B3E0A01D41C6157926A6D95441FBFC769BBDA01D41632839D1ADD9544124BBF20A86A01D41268AC20EBED95441A4EBBAB71BA01D4166EF6484BCD95441BA04CF381EA01D410DA29C62C6D95441CEEE583E2DA01D41470100A4D0D9544149B9ED8812A01D4155818079D9D954413B7CC94F6CA01D411D58DADFDDD95441FA5EAB1C2CA01D4136EA68F9E6D95441E3422EACCA9F1D41CFDB7349F2D95441BCD81C319A9E1D410B728653EBD954412BF5C48CF79D1D41D060C03CE8D954415B8C1623989D1D41A30E1B1FF2D9544182F29D59B19B1D415FF09720EBD95441,Mauer,MAU,Dorf,MRN,,2023-03-12 10:31:06.164,ländlich
1,0103000020E864000001000000310000000F52BF14549D1D413F4BB04E46DF54414F4D2100829E1D41CCF1CAE63BDF54414EBC9F84909F1D410B4C762732DF54417171F48728A11D4182EAE82823DF5441914E72606EA21D4166D853D117DF5441FC9F37D1F1A21D410C0E5AFC10DF5441086F671F51A41D41AEFDA7BB05DF544128414712B3A61D41C679556AF2DE5441D73BF120B1A71D41B2E3AA1CE8DE5441C3AD7D1A12A71D41FA18BDBDDFDE54412BA9EA51E7A81D41D17BA56BCBDE5441F2F365B0D4A91D417EA5C46DBBDE5441FA9765FBE5A91D410A7F7001ABDE54415947717720A91D416521C046ADDE5441AB3F131BFEA71D4101ECD6D0AEDE544156B848ED33A71D418C889EE3ACDE5441EB04AA7F2DA71D41CEA60F41A2DE54419576A84B78A61D41D7336BCAA0DE54418095A3E6D7A61D41D60792D49BDE5441ED535CCBA7A61D41F6E68FFC96DE54410D998F399AA51D41DA31C49A94DE54416FFDA39FEFA41D410CDA0A2096DE5441DD5814F7AEA31D41B01E02468FDE544151BDC3D41EA31D411D50456885DE54414A3C8EDFC4A21D4127F5F83F82DE5441D5B1B91120A21D4125369D4A7FDE5441A299C63427A11D41AE71451F77DE5441DE12799D8EA01D41C36F8DC279DE5441BA23AAE28CA01D41A8270C6E97DE54416DF34F30F79F1D413E7134A497DE54419F7FE7A3C49F1D412BCD36DC9FDE54419159EAFA799F1D4164D0DD59A4DE54418854DD0D209F1D417AFCB8F0A1DE54412F243C4E029F1D41DA5D746CA6DE544168EE027D239F1D414D4FDD33ACDE5441FE3379CC449F1D41B2158FF7B4DE544186F9B1C6609F1D4184686E08CDDE5441AEC1E886799F1D4141AD18B0DFDE5441ED1292D37F9F1D410560BBF6E6DE54418F39EA33689F1D4184052C9EEEDE5441327245C9CF9E1D410E82C3FCF4DE5441252991BE929E1D41CB99ADBDFCDE544118BD5794009E1D4111C8632C09DF54413A229C53989D1D410951658115DF54414CB13DC1809D1D415A675D471EDF54410DFC74F86A9D1D41AA5EC2C42DDF54411E4AA8A3429D1D4168F01F0A41DF5441B3C038D33F9D1D4189ECFB3045DF54410F52BF14549D1D413F4BB04E46DF5441,Neckargemünd-Altstadt,NG-AS,Kleinstadt,MRN,,2023-03-11 12:50:17.522,ländlich
11,0103000020E8640000010000004F0000009CC391DD17E71841532E3CA97EF555416A4DDACDB1E7184123DA6A2387F555413CA1B4BE72E818414D12298193F55541E6268CA1C3E918416FA6DD96A6F55541EC68F9350DEA18414CF38D0BAAF55541789BBC22ECE91841CBC31597AFF555413C149C2236E91841EC4B2FF2B2F55541BE874FF774E818419124583BBBF55541E64D4460ADE71841F65AB621C3F5554143FAFF57C2E618413667FF83C8F55541006EB2B22CE61841CCFF8E96CEF555413A2A59436AE51841FDB07E8CD2F555419E296BF28EE418415F38E4B7D7F55541B6A32F6083E41841B7409545DBF55541C6EAADDB99E418411F64649FDCF555413620BBAF27E318416E657CBCE3F55541710FFB0F2FE218416F610ECBE5F5554159D9D33170E1184139518520EBF555418A0F396FC1E21841F2916263FFF55541E1F8D2E625E51841363B5C1726F6554145DE963FDCE618412A76A7B03FF65541AD3BC826D7E718413B5447B951F6554122E7C9E433E91841F44B63E967F65541EE5AED8AC8E91841C276818A74F65541BE765144DDEA1841BF0C3C518CF65541A40CA91154EB18411DD10803A1F65541AA29637EA2EB184172BFF333B6F6554163A62AB096EB1841238C88DFC7F65541DE177D5F92EB1841371A0578CCF655415ECB25E029ED1841F01DA14BCBF65541FD00BB8E74EE18418C576D43BFF655415BDBFFB6E4EF1841EB9BD9C5ABF65541544006077BF018410EAAC3C5A2F65541A5C67FAA50F118417700353B9DF655413ED20764E8F21841797D0AC49CF65541BAEC7C5182F31841DE11211FA0F6554154E0C1DE7AF41841ACEA7690C4F65541815EA24DF9F4184122D5CF32DEF65541A01765A755F518412E759384F7F655415A35351692F518412F58A68304F755417AA376D2A2F51841087E268919F7554148B13FD999F518417CF2B3F237F75541F6A6C22F2EF51841EE01CB3C4AF75541A998244B8FF41841FE72E15E64F755416472F9F8FBF318415BCEC0607DF7554102CCF80AC6F3184146E0BF5890F75541B19AE2F422F7184105FF610CA0F755414DC010D91EF9184154D4385EA8F75541991AC84603FB18419F5DC6D3B1F75541C29B1D7D46FD1841A4F64811BAF755414CC87B3DCCFD1841A3C07E259BF75541C93E7C10C4FE1841A93CA0696BF75541B1C0AD0852FF18417D87214454F755418616530DAFFF18418273DD5A38F75541EB42257DD2FF1841D1315C6B0EF75541D0E8616BDBFF18415A62B6A2EFF655411B26D623C0FF1841E420C109CFF65541B40A43D584FF184197893315BBF65541CC619B90F9FD1841DA9380C44FF65541FABD5C1202FD18411290DA2718F655413DA92D4144FC184169B97906E0F55541A6709EBEC5FB184128E0FFC0BAF5554116CA949CF0FA18417E4ACD0796F55541E0BAB90331F91841F37719F54DF555412AD6D66688F81841A475F53C2DF55541DB30F60577F71841780CCE7600F555413E74705A04F61841DF900887C8F45541D673073D91F218411C4D7DB9DEF45541EA00E33B5FF3184134D0D87503F555419439C4FC09F2184151A6E0E3FEF455416592846433F018419BAD572CFDF45541820E6B09DDED18410E6AF6B703F555412C36BCAAA6ED18414E10B94C28F5554130D58F73E5EC1841F40698482FF555415EBB45C89EEC1841910B0E924DF555418D2E30B3F6EB184146583E3F60F555416F1485135EEA18411CA5E06F6CF555411C901832D2E81841DEBE8DC072F555419CC391DD17E71841532E3CA97EF55541,Münster-St. Mauritz,MS-SM,Stadt,MSL,,2023-03-17 21:56:12.576,städtisch
20,0103000020E86400000100000047000000860D0F13B7121D412262852F69EF5441C336CC2022121D4100ACCA2167EF5441155B203C58111D419387ADFF62EF5441F45FCAB85C111D414C5697825EEF54419AB7A94A31111D41687B2F3B5BEF544120D4244501111D41BDF5F3F15AEF54412F662317D6101D41FDE78D415BEF5441DA40F55DAA101D419658F9C953EF54415E017CDDA9101D418EE9F29B4CEF544151388622D9101D4111BC1F2042EF54414042E2A1C0101D412989C0F33AEF5441B92BDA4F52101D412B4CD02D3CEF5441064C54EDB30F1D41D9907D853CEF54418CEDC2EE1E0F1D41F108A8DE39EF544112118C13B50E1D41AC280B4F36EF54416E432C17090E1D41B903080642EF54415078DDB2A90D1D41DF6EC1B94AEF5441FC71D1D8B30D1D41068E468052EF54416CE51270E40D1D419A4E3FDD5AEF544196B61CE4010E1D419F1A4F2164EF54411A223BF47B0D1D4146F39ABF6AEF5441F1989B2FBC0C1D41E8BB90176EEF5441CC3ACA65140C1D41E5F9442171EF54414CA4A0A4890B1D419F475B7377EF54418CD993D8130C1D4155254B8287EF5441D29E8392A70C1D415F251C6591EF54413233F688370E1D412AA1B87BAAEF54412147389A8C0D1D41802201EEB2EF5441759B3A1F750D1D412413B071C1EF54418C28C1EB120D1D41919774CCBEEF5441E81BD0A17F0C1D412A477C05BBEF5441240A0365110C1D41042A056FBBEF544189BC0C20600B1D41D25BE6D3C0EF54413EA5989E650A1D41E0275E0FCAEF5441D30289474D0A1D416C47845BCCEF54412DDCFFDA64091D418410A262D1EF544182206FD3BD081D41BB225786BAEF5441E01511078C071D4195097B7BC1EF5441014C82DF1D071D4169A9520AC3EF544132A45093B6091D41E24CD5A744F05441150C15BF2C0A1D4102A864D15DF05441CE4E2468740B1D41B288417B88F054419463A2A30E0D1D4144959D7586F054416FE1723AF80E1D418FFA499980F0544180B6F64D1E101D419378D5A981F05441C64532D014121D4196FEF75785F054410AE4107BD3131D417EFFA1BB7EF05441F30D51EFC8151D41E8623E2573F054418D7262542A161D419595DD566AF054419B305BEC97161D41268C30C460F05441C64EBA2ECE161D4135B67F2754F05441B902D7C3CC161D4161E0538A3FF054416495E77851161D41EB08F61E34F05441A6B151A0ED151D417D7EC26C19F054417B4DFEC76B151D41D77013E607F054413EF6227AD7141D41E9356C3BF5EF5441ED35F65C8D141D419DF7AC78ECEF54411D1F130BFB141D41A8AFF00AE4EF54418837CD4A06151D41AA923B88D5EF5441017E3AC41D151D4188ABE7A2C6EF5441814101E716151D419C77BEF2BBEF5441EE5C45F565151D417FAB0E87B3EF5441E0D6C25CAE151D418F640B79A3EF54418987ED9C63151D41EF206F8C91EF544146FFC6A500151D4199C198D483EF544161DE9676C2141D416C18EE7B76EF544167731EB7AF141D419BCBD42471EF5441389AD4431C141D410DE025136BEF5441782B5E576A131D411F660C4E67EF5441E57E2A11C5121D41510B3E4269EF5441860D0F13B7121D412262852F69EF5441,Weinheim-Innenstadt,WH-IS,Innenstadt,MRN,,2023-04-02 22:49:26.043,städtisch
16,0103000020E86400000100000037000000E5FA525FC4D81941911E296C48E0554191C4F62A26D81941EEA2C4DC4FE05541157340A5C0D719417B79DB2D54E055418CB922044DD71941FDB04B8859E05541DF88B242B3D619411E4CF75F62E05541C05F0A4141D6194196BE67606EE05541D6AE4907D5D51941525390D678E055418220EEA484D51941914A44B17FE055413014DE4C12D51941DF11A3498AE0554113AEA3E7D9D41941D5F0BA8F8EE055412D6BD32334D41941862170C79EE0554119675D6ABAD31941217580F6A5E055413D303B953DD31941CB2DC0FCABE05541BCB2EE02D0D219419DE80C07B7E0554191AE30649ED219415B489D52C3E055413C12DE476AD21941CBC48CC6D3E05541A73FE5A86FD219415DDED66CDBE05541597F45724CD21941EED0B53CE9E05541309D15BA61D219411B21A386F8E0554144A749B06AD21941B15F18D30EE15541D6A0EB112ED219416121442919E15541F4B0EB82A9D1194127B28C902AE15541E4B093E439D119414E52B1823BE155416871C664B4D019418F430CC74CE15541D510663641D019415BEEA00D64E155411D211463E7CF1941398B082A75E1554142E6A85394CF1941339465567DE155419392B74FFBD1194133D9680184E1554120F5ECF329D219413ED9F95A79E1554129D68111C2D21941254E52EE78E155419ABE3DB2CED3194143471CF478E155417FD2FD5278D5194145F6E1387AE15541EA49A0F3CED71941FD7B5AE874E15541363B7F5710D919412D7A4EF970E15541890D95461CDD1941B86225AA65E155415F0D59D548DD1941508FFFC864E155419AFF496F67DD19418652F6434FE15541608266D379DD1941AF6AEAC73EE155410EE3FFE06CDD19414DDB781C36E1554186320A6FF7DC194134767E0128E155414B51BDCD7EDD19414BE32B2315E15541FA23EA088DDD194104B7314EFAE055415E85C9808CDD1941AA97D8B7E2E05541CAB96E0BEDDE194104EEEA07E3E055414958C0AB27E019411AD22398DCE05541DE4B97F372DF1941A08E406CCCE05541C6FC0E506EDE19419FC0360FB6E0554142A7C6F65BDD194198959A979EE0554198B345D6F6DC19418EF426CD93E05541C1F38EE0E0DB194131C755F77FE05541FAD5030E9DDA1941041038B567E05541D5A666A8CFD91941325C36B657E05541C453955D10D91941C9F5677E4AE05541B4D44A53E7D8194159D7447647E05541E5FA525FC4D81941911E296C48E05541,Ahlen-Innenstadt,AH-IS,Innenstadt,MSL,,2023-03-22 23:59:19.322,städtisch
18,0103000020E86400000100000040000000283C4EBFC8211C41D9FAA6C4D9E854417E3759F8CC201C41F1D2F04AE0E854419D214AF461201C41FC1BFB00E5E85441E7AB76D1781F1C411AEAF5EFEAE854416136ECCB941E1C41AA1E4DA8F4E85441ABCE7F68E31D1C41427A385CF7E8544174EA403C8B1D1C4141638F3AFDE854416587C1C0091D1C419936A6D109E954417D25903BD41C1C41D869934820E954413B4A2A22C91C1C414CDE8FA439E9544162A6A957E71C1C41C15DC4474CE95441B9033D97531D1C41A66FB8DB7AE95441BE3400C6BC1D1C4156A70DEB8EE9544199F61574381E1C4113FB9638A1E954417E140FE7A51E1C41A7381FC8B1E9544139AC2085A41F1C41ABA81751C4E954413A78F0A79E201C418029239AD8E95441ED348D23ED211C41F9C90D99EEE9544100ACBF4B7A221C4132C2F366F6E954419022F12B6E231C41445ABBFEFCE95441813E3D7DB1241C413793E34203EA5441CDC2A793AF261C41297DB66707EA54419E4A72D1DB281C410E13CF4806EA5441C26B33C0A52A1C41441EDB0A04EA54412CD73FD1D92B1C4170153089FFE95441C056E5A1FB2D1C41D50A61CEF4E9544144D1B9B1BA2E1C414706A22FEFE9544146BADB67202F1C41C93365F1E4E9544151C5CD862E301C41AC541480DBE95441AAF19F62BE301C411E6150D2D1E95441B92FBBF0AF311C41C5B3AEBAC3E95441AEA9BAAEAE321C41A814090EAEE954419DF33E6C89331C41F66F1FEDA4E95441629CDA1201341C41393A74AE93E954411E91E2B73B341C419639506C80E954414610EF0CCB331C4175A36C647CE95441B6A11149E4331C41E885430763E9544175852790F0331C4171AF574953E95441C173AE24D2331C413ED6A3063EE95441153DCAFD92331C41D07C7EC728E95441A8107CCF46331C41DAE1498C19E954410F809C1CFD321C41FA1118B00DE95441BB67B65A85321C41441902D901E95441B421FFE2FF311C41E57DA717F1E854413584752460311C41CC292DC2E0E8544158D1DE6FA1311C4103631238DCE85441E6C5D3709E301C41679ACF01C7E85441FF77F6AFFE2F1C41A5973EACB6E854410CE3BA6F9B2F1C41898583CBB1E8544102566D0EFD2E1C41AFBB62C3ADE85441E28C72A7982E1C41DAAB18A29EE8544135282EFABC2D1C41057B582C88E85441BFC47E1BB52D1C410DF87EB17CE854412D78287B6C2E1C417B9A14D274E854413D759A668A2D1C41CCFCD90060E85441FBF2949F762C1C41398CC47465E85441408DEEEB842A1C41F58373007BE85441D701287551291C414AFAD4218BE85441D01026A88D271C414EC980049FE85441AFA41FC838251C4161BADC18B0E854416B68396795241C41D38C2A03BAE8544155B09AC04C231C417BB592FEC5E85441D28018905D221C41F5E54E7BD1E85441283C4EBFC8211C41D9FAA6C4D9E85441,Mannheim-Innenstadt,MA-IS,Innenstadt,MRN,,2023-03-29 09:21:08.312,städtisch
23,0103000020E8640000010000005A00000050FE4CD673281D4172CBF57CFCE05441B3CE373ADB281D4116860BE9FDE054416EABF5BA2D2A1D419A13190B01E1544175C384EFDF2B1D41FFD2139106E15441E5877EC0752D1D417897696B0CE15441FAFC0BE1992E1D417E7FEC5511E1544185FAE20A922F1D412983174C15E15441021F135BCD301D41EE873B6719E15441376D6814A9311D41A68CB2E31CE15441B3A571CBAB311D41B9D421FB1EE15441D483D3924E321D418C39A06320E1544198DB9DF45D321D41C085729D1EE154417B7EFD7508331D419CD112B31FE15441259C6D0DC5331D415509C8F020E154414EEF002B91341D41E3E023A922E1544165DEC44FA8351D416634A19D26E15441A9A0B4B102371D4169FBF9292CE15441C1FB37E5C1371D41774C42E32DE15441AE8580057C381D41A8AAAE0F31E15441F1B92C96DB381D41F8F7255C31E154412014FE543D3A1D41AF5BA4CA30E154410C92DFB3973A1D410640DC9B30E154413BF3D45F9A3A1D412A987E0E32E15441457C840E5C3B1D41F384C02B32E154414BBF03C1DF3B1D41C7B5A52332E15441262B01FE9E3C1D41D2FDE58134E15441C393FDDE533D1D4162C7356536E1544168472591533E1D41C722942337E15441B4D836C5A03F1D412463148238E1544181E866AEBA3F1D41562D4DF339E154414D62D0F67E401D411966FC623AE15441D302FD276A411D41B8F2EFB53DE154418E946171C4421D4151266EF941E1544106D0848BAA431D41F23B609646E15441C9EF048298441D41922446214DE154419EB28ACC8B441D41018F368350E1544128009496EB451D41A3C3B7915AE15441FD9E3F8543471D41ED0194DB62E154412E5496BE29491D41BCA6D9C76FE1544131F05ADA82491D41D6BA132F66E15441CA53B913C9471D414136C17355E15441F4C63FC505461D416B4FD76740E15441FD2F70DA67451D41F734B7B437E15441926443ACDD441D418258141330E1544181890ACA12431D4161082F1E18E15441D72075CA3E431D416C549DA913E154418C657182CF421D41CDA5899209E154416FAF32DB6C421D41A4F54DFF04E15441386F28FF31421D41C88028C507E15441D6DCA02C37421D410A578A0F0CE1544154BBC67F23421D41F01CBA100CE154410B7B8DDFE0411D41996A026708E15441FBAC270963411D41C4DF15B001E15441CE9EC784AC401D416812B925F9E05441A735CE217D3F1D41CD7099CFEAE0544136A396C4B73E1D4163C801E5E0E05441B670EA160B3E1D4188545281D8E0544145944E725E3D1D4160FC9ABAD0E05441CEE6E328AA3C1D410C999EA9C4E0544172E587B3383C1D41033F627ABFE054418C9BA82CD13B1D413486F4D2BBE054418E2B556A5D3B1D41FC9CF93EB9E054415169D888CE3A1D41444AFC99B5E05441406924DA8B3A1D41091B182CB1E054410A4EEF0AE8391D4198EB8969AFE054417302D50DE2391D41D4A5A951A7E05441AC4E83E0DD381D41873FF3C4A0E054415A2B2E59F3381D41DBF3E80299E054414E234FC9A0381D417AFEAC2795E0544169C932B832381D416DFD774790E05441BA8FF820DF371D41A7FF714E99E0544115B945246E371D412A98E149A0E05441B1BEF76B56361D414D9FD217A3E05441FF7DC589B2351D4115A4F1FAA3E0544136CA2689E9341D410398E076A2E05441E288C5919F331D418A0332DF9CE05441103735F13D311D416018730B93E05441EB24B7ECEA2F1D41C7E0175393E05441D44A5B88B02E1D41A674F1F78BE05441604481B5432D1D416FC0BA7E81E05441B51284E4AA2B1D416E0D2C7276E05441575407CB9E291D41F2E91BED78E05441B79E97AE5B281D417655A7877CE05441BA88EC3D1D281D41FA9806D481E05441FC59EF00F0271D41407D42359EE054419C103682DE271D41A10234C1B2E05441474385DB70271D417402C71BB6E05441762B9AEA20271D413060DBC1CFE05441095F8C6EB5261D41BF99172CF4E0544150FE4CD673281D4172CBF57CFCE05441,Heidelberg-Innenstadt,HD-IS,Innenstadt,MRN,,2023-04-05 00:24:10.185,städtisch
4,0103000020E8640000010000002B000000F00B3BADF7C01C41FF0C8E3C97E7544190DD712D6BC31C4161BF662FDFE75441A980C08B99C41C41C396DA0C00E85441ABAFCC7168C61C4173EA2E402FE85441131C8E2203C71C41EB8E71021EE85441EDE8DECFBCC71C4190AAC2D609E85441D58E51C539C81C4119416A720AE85441D5AD780847C81C41069F1F39EEE75441E4DA517599C91C41220129BCEFE754412498EA27C7CA1C41A631E9B0EDE7544155C600D5DACB1C416FB4E0A7EBE75441A021B27AF4CB1C41C2043B1BE7E754413C83E084D2CD1C415A30B78BDDE75441FF97663D13D01C414FE6F55BD1E7544185D7268756D01C41ACE3E7CBCCE754413F02C7CFD7CF1C41A42C8DC7B6E75441B0D3305CD7CF1C416BA7E443B1E75441F74B18A505D01C4107CF3C70AAE75441AB033F3B0FD01C41DC672861A0E75441E0D4F18948D01C41FA9C4F5C8CE75441FE62553D39D01C41B41E613A76E75441289799CF40D01C41428D08DA64E754418873BBE843D01C41B368BCC153E75441BD0414D0E8CF1C4100F77C7E45E754419EC67D8AA4CF1C41963D716D3BE754417AA06AED20CF1C41FFCDFA9D2CE754410D3E657FA2CE1C41BEB14E3626E754414EF1304DBCCD1C416D7B0BA31BE75441327562EBBFCC1C41253E47B614E75441F419AE7184CB1C419CCB4E200CE7544176D6E819BBCA1C415AF2A98206E75441B303E6F8C3C91C41C87F614C02E75441F26F370FC5C71C41BD3E0FAD00E75441D08C1085BFC61C413B241D171EE75441FB7EAE5130C61C41D4F1265B21E75441C60841E5F4C51C418D2825C729E7544187FD8131A8C51C41D94117572EE754410731E00A90C51C4161FF7CC340E754417122A8B6EAC41C4170A999D554E754413B0CDF6B3CC41C4177DC9D1A64E75441BCB728171FC31C4113DC23E176E7544187CB63150AC21C41F0D46EB786E75441F00B3BADF7C01C41FF0C8E3C97E75441,Ladenburg-Zentral,LB-ZT,Kleinstadt,MRN,,2023-03-13 08:31:32.765,ländlich
6,0103000020E86400000100000063000000EE88E6552A9F1941508EB44BF1F255417A9D3F0421A41941660BA61600F355412F5FAD0B52A9194136253B4A13F35541CE4DAAEC88AB1941E12948F918F355410D3F73B8F9AD1941E05D3E4721F355415C5DDA1ACDB01941356D6D3D23F355414AEA32C7B2B21941A08BE5301FF3554188A63BAEE3B219414C7560CA36F355416ABDAE23ECB31941B8091ABF51F3554158F9417C14B719413EDAF49C6CF35541FAACAB8AB6BA1941AA3BD5CE87F355418AD9BF0532BB1941762A92B18BF3554126CA71E9ABBD19419F1705EB8FF355417380464D72BF1941A901A2B48CF3554132F0900B16BF1941849305F47EF35541D24422C6C9BB19412541A6027DF3554178D0864730BB194181902E7A58F3554178039F40ABBA19411033BE4C59F35541A1A065303FBA1941ED19CEDF38F35541A61138A21BBB194170DBBC6D32F35541768C5C4A39BB1941079E2ADD23F35541B8B5B9A4E4BA1941E270674208F35541FB0A59169FBA1941D5A6688FFCF25541EFB09ECC60B8194183F111E408F35541196B4F47F2B71941D7D05AC6DEF255419EA8ADFFBCB7194190A90586BBF255414A36F4C3D0B7194102E30FD0B1F25541541ED02954BB1941A39B749FB1F255418A92392F82BD1941F71D4BD8BCF255419A131BFE99BF19414ED1E516C8F2554199530BAF22C1194166EFDC51D8F255413CE86067DFC11941627FC822D8F2554194066D5C40C11941BFBE11C1C9F2554126938BF2AFC419413C230B48D3F255416CEBEB79C3C919411CD034CAD4F2554149632B2D48CA194162B9B595D2F25541249CDAFC7FCA1941C4D098EBA6F255415B2246133CC61941118F7D0E98F25541BA47B6320DC41941CD0BB25E89F255410A39BE2113C4194173579C9874F25541028B68E533BF1941869DC69466F2554132C821BD39BE1941FC86FF977BF2554105A832B390BB1941F18F9F076DF2554171A14AE708B819412996A2EA5BF25541F6C4139911B91941A84A1E6D28F255417A85F6971AB91941C4A0D5CCF3F1554102F8B57DA0B61941CCAA8993EFF155414F60871493B61941A9280347BAF15541ACBDD57867B8194197E3B17F69F155411ED89E27F8B619410740B86566F155414720BB258CB5194152B5F77270F15541A74D3CB174B319418F1C434867F15541C61331F0ABB21941D8179B0464F1554133E1C69FDCB1194103CE6BC372F15541DFB2051471B11941811BC3B780F155410135321096B11941F680CF388FF15541EA6D5CB463B219411A5F43DEA5F15541CC5721957DB0194161939C0AB0F15541E10E9B0B14B01941F04436FD99F15541EA3F3FEBFDAE19415275D32F98F1554109D655505DAC194183DF1F8CABF155417AE70AA076AB1941A20931D989F15541975F2D6208AA1941D8A017485FF1554152D1CF7145A9194107BE603D47F15541AC3BD68D1BA81941020318274FF15541024454D7E7A819415BABB84260F15541A1E953BC8EA4194191C067FB56F155416648B034C7A319412649E29058F1554141217E313CA319415B94991999F1554190139CE029A31941E0EEE159A8F1554172F66851F4A41941797F585BB4F1554152669331B1A419414ED267F7DDF1554181E84EB539A31941BB9118313DF25541DAF8B9FD6E9F194142B547782BF255411587D53A32A01941CB07164619F2554169F6CEAF4DA01941808E256602F2554162E1CD06349F1941CE98C3C1F2F15541E878501C0AA019413A41D662D3F155411CC8B82F24A11941F62255DD8DF15541B8EEFFE121A119418E1E91DD84F15541EC87532C519E19418574D0BD89F15541BD8214DCFB9B1941F8F48D5793F155418D582630569B1941963A6FF896F155419CE0CDA50A9B1941A8DF1FE7F5F15541B3B346DF659C1941CA6CF75201F25541A8E7E688459D1941EC84AD5407F25541CBFAEE2F9A9D19410625413F22F25541FB989A60A99D1941790DC72732F255411ED84CFA32A5194135EA6ED752F2554102EF3591C0A41941EB1FFFAB70F255414BAA733C58A5194158EB956877F2554106DDE5DD14A51941F6B14EBE85F255411E7BE6B11BA2194183BB1CBD96F2554151272E8DC8A21941D3E8CA9BB2F25541C06CE38091A0194133087E1CB7F255419C82A5F4EC9F1941032A27B4BBF25541270E6C575B9F19416C5A8993CCF255412A1C31BD0A9F194143B34CC3E4F25541EE88E6552A9F1941508EB44BF1F25541,Everswinkel,EW,Kleinstadt,MSL,,2023-03-15 10:17:07.524,ländlich
24,0103000020E86400000100000042000000FFB613B3692B1D414C173B2675E05441E1145C0B162A1D412571363F77E0544125173DC209291D410551D98979E0544124AFE83159281D41B80F3E7D7BE05441FE6A62E213281D4166100CCD80E054417C22BF49E4271D419F5CB51D85E05441B8729F483B261D41DB59794F7EE05441E4A617E96E251D413D9CFA297BE0544170F1EAF45F251D411F757FA27BE05441303939B018251D41ED1F92407AE05441749C95A2EB241D416ED009BF78E054411BEE0D6469231D41779C65E472E05441B6879E5398211D41AC3D48D76AE0544172C51EAA75201D41198A92E565E05441A1681ADD091F1D41D45513B05FE05441C736C4AD5B1E1D414571ADFA59E0544169AFA1B1371D1D410481982355E054419E40E943161D1D4128E768BE55E054413517DED8D01C1D41729CCD6B54E05441B48036E3AC1C1D41DF2DCEF052E05441047ED3C5941A1D4128CA56FE49E05441E44DBF64B8171D415F1250D23DE05441623AF9A8DE161D414E919F323BE05441464E9CCD69161D410DDD9B663FE0544152DFF65036141D4181A020D549E054412D16573EBF121D41B0F891A84DE05441E9D377AAE1101D41D90135AF55E05441A6526019F80E1D414C62451E5DE05441A3AB6BB55B0E1D41F79798DB4EE05441BB8381FD1C111D41FA76B8FA30E05441309B5CE49A131D418BCE691A18E05441DE09D353D5151D412AF6625E00E05441318B9B3AA8181D41E58DF934DEDF5441F8E25312A6171D4165251AC8C9DF5441F952158F33161D41AB9B1551B9DF544104CEE890DD151D41D238B071B3DF5441312222FA87151D410E5B8F77B3DF5441D5E3B18148151D4139019F96ADDF54416BB3555048151D412D60EBC7AADF54415E91C251D1131D41888D05E19ADF5441622629C577111D4185AF563A78DF544198047B35BB121D41D526D4F16ADF54419BF0BD668E151D414EFB8E254CDF5441B3B2E9708E171D41D51A5A8C35DF544153AB2B0B1F1A1D41FBD7038724DF5441F5E1209D951C1D414401671D22DF54415F6BE4573D1E1D4185ED5EA725DF54415AE646B048201D41650789BF30DF54417C95C8B84B221D41EF03C08346DF54418A5E4AA6F2221D413B4F191F4ADF544102D2263820231D41B6549FF851DF5441F0F45010E3231D41BB442C0C63DF54412FC7090F8B241D41D87E34F076DF54415519E172AF241D411E806A437CDF544139218CDCA7241D414E6A28E291DF54412A55211941251D410EE992F792DF54417F23398D51271D4107733D2BA8DF5441428AD1C42B291D414C30B6DBBADF54417E514A1E33291D417C01DCA6E6DF5441ACAE72BDD9281D416ED7849FF1DF5441CC7E975F39291D41FDC6BC9901E05441F004AC6B8C291D414FEEE0E51FE05441980F1BDC592A1D41C3180C3C4AE054417930C2BBDD2A1D41F27107925DE05441CE6ABC022B2B1D413678A47F68E05441FFB613B3692B1D414C173B2675E05441,Heidelberg-Weststadt,HD-WS,Stadt,MRN,,2023-04-05 22:57:23,städtisch
3,0103000020E8640000010000002A00000050167B60516A1D41E992042723DA54416295BB9FE76A1D418ACCB5CB27DA5441876A2EC4136A1D41BAD79FDC42DA54413808D424DB6B1D41BDC66D0F50DA5441F066FF24EE6C1D4122B8E13432DA5441BC7A63BA8C6D1D413F88AEFB22DA544188A25CF6586E1D4146DA2C16FCD95441126FE17B9F6F1D41A7B1ACC2DCD95441551034788E711D417C03C243B7D954414F3033F3FE721D417AE999AB92D9544182C9F9F844741D4140336E9F96D954414F5BFC06C1741D41AAF9961793D95441767A4BDAEC741D41AB9D2C0F85D95441636B1B2AA3741D41A5DEF1E970D954411FDEDC9BA8731D41C633A11376D954410B3F40C45D721D411C81FBB66FD954417C91A39C2A741D41F72CE70C2FD954411E5DCBF68A751D416BA1414C3DD954418BA062B029761D418E8D6CD32FD95441D264AED7A3741D419F86B2E021D954411831B74E55751D419BE8041C14D95441BF7409EDCC721D416F811D5BF9D85441CFEB62A309741D415521B2CCCFD854419BCFF093BD731D4145E31C5CBBD854417DA6142E52711D41C438F221B2D85441840153C803701D415D3A0026F0D85441A3C478837C6D1D41368BAE9AEBD854419201E1E2AE6C1D419DDBC880F8D8544146222D84A66C1D41C02E3CCA0BD954413B4C4FB81E6B1D41DB24B20606D95441A01C27CC8F6A1D41C28C7D1334D95441CE1D5CCC0E6A1D41C787AEC932D95441E0441277EE691D416E1D99FF3BD954415638FEC353691D416BC090523CD95441FC27FDC8C5681D41AF33D704A8D95441AE2D4A222A681D418C6B8358C2D9544198E92876D5661D4191620D57DFD954415ADCF12407681D4137BC9AAEF1D95441BF581E73A0671D4170022FE2F9D9544149B5AE935C681D41BBC8C58705DA54413419065E35691D4153826F651BDA544150167B60516A1D41E992042723DA5441,Gauangelloch,GAL,Dorf,MRN,,2023-03-12 12:08:53.151,ländlich
7,0103000020E864000001000000480000004C33FCCE18E91941A9DAEBEB02ED5541B1CE6F1A42EB194158F92F2600ED55410A5B294BFDEA1941A4934D7A0EED5541C7CAABAFF7EC19419C7B5A0111ED5541ACB3D5661EED1941094D80B402ED5541BC31865E5CEE1941571FAEC0E4EC55415A91F3BA8AEE19412443A133DDEC5541DCE552415DEF19414E70F940DCEC55412820836169EF194137719B77C3EC554168298DEB1AF2194184112056D0EC554192E38ADE7AF31941CDA60EA5DBEC5541025479707FF31941D2C1DDC8EEEC5541A2D03A420AF419415EDF1B28F0EC5541D2F9877A1CF41941353E430A0AED55417E25D89FC7F5194118821D8408ED5541828155BA4FF61941ABB87CC717ED5541D404048A09F71941BCB9683A14ED554139E089FD83F71941364361BF1CED5541CC2712A225F819411ED501D818ED55419AD907D8DFF719416B41E8E409ED5541A5826FBE57F71941333B73A1FAEC55419347387B02F719414EB7B494F6EC55414244FD4F85F61941F7C7D4F3FBEC5541468E22252DF419418B10FAB7D1EC55416B72630856F419418B39DA6CCCEC55415D975A93C2F41941F7D92713CDEC554190FC15DE24F5194186C0DC3DD5EC554128766380C7F51941458E3177D5EC5541F3DCB6D9E8F51941299538CCC9EC554131225C1005F819417E75DA89C2EC5541D261A86E0BF81941F048305B91EC55416FBB27BDA2F619416BC8A1F193EC5541FA5004667BF61941D8EB4D7786EC5541594DF84A08F61941F1BCE49183EC5541E313822D7EF51941676E373385EC55413C1087DC44F51941BFA53E1D78EC55418049AC5029F7194195F85DEF69EC55410F348E00D0F619419700FD4F22EC554180DC0FB895F11941877941CD1CEC5541DE681301F8F019412801861118EC55412298EFBC4CF0194117963D6716EC554199C14E79D7F01941023FF7A608EC5541482CDC8941EF19413A9E3D8A01EC55410B92217085EF1941F4FA3289F4EB55418DF6C685EAED194150B4D178EFEB55417A07929350EE1941293C9439E8EB554131E2EC0275EE194113ABE2B2E0EB55413F05A85083ED1941B2C0C722DBEB55410820997601ED1941E18CA55DE0EB5541867424BFF8EC194156259991E9EB5541A43E159586ED1941F4F433C1E8EB5541166416B00EED1941D78A7EB400EC55417D3B2B497BED19413A4EAE822BEC55419CAA653D6FE81941086282711FEC5541D0C999007CE81941233F04BD3DEC554198571F62B6E51941926FE8C43FEC5541268909A928E51941F4F998366EEC5541725744ED81E519415985F3F575EC554139FB6701C9E61941893DC84473EC5541AE8A263BA9E71941110D5F6B74EC5541C2A69800C7E81941D0D63AA47BEC5541C3D1A4A244EA1941387B505F8FEC554122FD939DDAE91941358160C09CEC55414A665CDD1DEA19415F79B3D6A3EC55419EB8EE4C76EA194117A8962EA8EC554132D8751160EB194165C25359BAEC55418D80FB758BEB194106576E75CBEC554112ABCB910BEB1941179E82ECDCEC5541A6EB695739EA194182CD4D39DFEC5541F70A921CD2E81941F8865250E1EC5541D050C966CCE81941DB8E2D45F8EC55414C33FCCE18E91941A9DAEBEB02ED5541,Hoetmar,HOE,Dorf,MSL,,2023-03-16 10:34:12.5,ländlich
8,0103000020E86400000100000037000000E892853C077B1941D15C648D13F155410BE96834E17B19413BA25B9912F15541CB7AF6F7C37B1941634836BC28F1554198228C51E87B1941C69BCF5F3CF155416978DEC9967C19416A3D680939F155416DA05182957C19416526002E34F1554100C2FB3D467E1941585B04F334F1554146E089F4847E1941248DA45736F155417D2988D2787E194153F9EB7843F1554105009272B37E1941B2AF0F2444F15541D10460A9B47E1941CD739E9257F15541DB273611927F1941B04E8DEA54F15541332DC040E47F1941FE4F5C1B65F15541F4E01369D47F1941B4563EC981F155414BD1A0D9CA81194145C01F0781F155412559CAC6C181194164E702FF8AF15541F4BFB6741F8219418053FBA08BF155410AE4DD492C821941A760E7FC8FF15541079CE44A58831941E6126DEC8FF155415668E348AE8319413F506F608CF155412A2CE80FAA831941574FA8427CF155412A4571E20A85194179D889477BF155413AA6FBC52C851941A2ECDB0A92F155419C202A6172841941E52C18CDF3F1554162FE1C9ED785194185B8485FF7F15541306193F2E4851941963D2B5DE5F155419CC673510A861941F29B80CDC7F15541E67C1FA4AF8819418E6C48C4CAF15541F09E8586C188194117B2ED99A7F1554170947F497C8919414DF7A2C0A6F155411871F619A68919412EE9B4CC98F15541FDC795B5ED8C194167C933CF9BF15541193275F0218D19414811D31696F15541A4FCFD58CB8A1941E1DAF38E78F155417763DA66D18B1941B1E320EE1FF15541657759E9948919419F41F87E17F15541F0EE2E21B1891941F8531BE30CF1554137D831FA90871941B911C60E06F155415E9BAD4BF98819411E78C551E9F05541E331671671871941DBDEF590D3F0554143B20D6E6C841941495BFD21D5F055411EAF4AFCB4841941D91D1782CCF05541174607B0418319418830F148BFF0554152EBC9B3B3811941F309C330C3F055417F6DFE15AF811941F8B8261FE1F055414865BB2FB6801941A48C74EEE2F055410000679E6C80194166A8B4ABE7F055418285AA32987F194138AC09F2E5F05541283C6177DF7E1941DFAA4AFAD6F055410C18E1992E7E1941FA5A9EEDE5F05541F9A4B84D697D19419164EA4AEEF05541C2828F5BF17C194109142E4B00F15541008B006AF17B1941FAC3A200FFF05541988478BD237B1941A843DB36FFF05541E892853C077B1941D15C648D13F15541,Alverskirchen,AVK,Dorf,MSL,,2023-03-16 11:47:20.684,ländlich
13,0103000020E8640000010000004800000080B54ED781931941FEA0B7CEABEA5541EC54773B6F9019417B4A2F42ABEA5541CDC131BFE98E194167E6B2EFA4EA5541DEC727CF118E1941883BDD23A3EA554131E13A66238C1941083EC5ABA7EA5541D16E869E868A1941D35D4EA89AEA55410AD98D1F6D8B19415141A89281EA5541C58C3B96EE8E1941CF123A7464EA5541F4FFA9990190194140E495B250EA5541E626F8FD068E1941CA30F0DD4FEA5541937C0A4D0E8C1941088C696C56EA55416ECA53CD368A194135CA2D4E60EA55410FB3C37052881941F5881F2462EA5541CC7BC60AB188194182D359AB2FEA5541604EB4E3CA881941DF7956CA16EA5541D8A21E5F728819410CF27980E4E95541EAEE469A5B88194197D4AAD2DFE95541A8BF9D13BB8919410B440704D0E95541642F3B23B589194162F0B62EB9E95541741B285911881941E4A5E8F3BAE95541EE00FEEFD8861941FF9C4F45BBE955412F6DFE90A4861941347A88B897E95541E367D1339E8819414089EA8494E9554166A0BDE1E5891941D29692007CE95541F3CB20BF448A19410E752FD873E95541A159F23E598A19417696FDCA6FE955417086E8E19F8C194158378F8F72E95541F02F1F68B98C1941454CC05558E955410063ADAF018D1941E94F542B4CE955415E7E58655A8F19410E51F0E83CE955417A8B89FDB38E1941484AF66025E95541F962A31E458F19411D8283CE1FE955414C5FC0728C91194175C7F71126E9554150E007073F931941C45A23EB23E95541BFE3043984941941CBDA57E023E95541FC151385CE94194103338ECC27E955417CA2F46ACA97194101FD00CF29E9554158AE31B078991941C89B79B026E955411435213A669B1941994CF8211EE95541D754112A3C9E194188EF713403E95541A0681121329F194100F4EFE425E9554114C6ADBECBA019412C6A317B50E95541E293748B04A21941AEBFDDD57BE95541568B771EEDA21941F8B3877594E955413536EE3D75A3194176F09531AFE95541D429F76673A119416DA0FF77BCE9554181DB78C474A2194177283ED4E1E95541BDB8867B97A219413D65D232EBE95541669003D18AA31941E8A935202EEA55411BC49071B7A31941EC28612034EA554127D45D9E0DA01941D8C3EC5F32EA5541B9A3FB8D26A01941E399A47715EA55412FD754B98B9D19413950F3291AEA5541D7C4A6317A9C194143EA2CF633EA5541DCD125A62D9B1941FB890CAB39EA5541E51EC0DF279B1941BE5F02274DEA55419D34F9779D99194107FBF4AA5DEA554186EF243DDB981941C7B8FB845CEA5541A078D36AE098194187CFF0A970EA5541BBA313F8F3971941921992EA72EA5541738775B679981941636A9D3E84EA5541ABA9AF8E1E991941B7C50ED790EA5541FE56A91FC5991941D8136526A4EA55413484C73250991941C377D84FAAEA5541EC5AAE5F2A97194158D477D9A8EA55415C1DE31BEF96194168AAA3BABDEA554112DDDF8B8C951941DB2AA471C1EA5541B50039093695194190171530C0EA5541B6349F02F8941941356E0853CAEA5541A328CDBB5E9319413F74A6BCCAEA5541C8E383677B9319415874B39ABCEA554180B54ED781931941FEA0B7CEABEA5541,Sendenhorst-Zentral,SH-ZT,Kleinstadt,MSL,,2023-03-20 12:51:42.608,ländlich
15,0103000020E86400000100000041000000BCAC89DD951A1A41BC9539B0F7F1554161189EAA91201A412FADAC33F9F155417F2C591799231A41D71678E9F0F155412E5C4476E5261A410AD156ABE5F15541D7395940BB2B1A4119D22DBDD5F155415CA7817B722D1A41BCB43D7ACEF15541702EAE25C32F1A41F337D437B3F1554176ED8057E42F1A412FAE7EFAC3F15541220D54CA05351A413F5A6764BCF15541F3B8BA841E351A41FBA64A9ECEF155413CD11C3647351A4118DD5C84DEF15541A502B591E9341A418D4761BDE3F15541A99B29EE5A341A41CB69D00FEBF15541E86A068474331A41DD687010EDF15541794B143023331A41E5BD2C4404F25541F2D3ECE571341A4121BB2E3D14F25541B27E0CCF7E351A4154CAB89815F25541785AF2FF73351A41ABDE8D601EF255417F6001A0BD361A413E052D5924F2554108FD2418C3361A41AD8DC8A429F25541703967F635371A4176261ED727F25541399EB0EA51371A4170EE121633F2554167CE674CE6361A41B0F20EF737F255414D0104F068361A41ECF2023D43F255410215F08278361A41D77B57954FF255416B0EDAB344391A41EBD81B5A4FF25541B49A3D427B391A41ABD40C745EF25541F244C60858391A41A59FF76F6CF25541FCE7EA41B9371A41D41ED56370F255416E36B530F6371A4184BE0ACA9BF255412A6CFA2304371A416E601AFD9FF25541FA90CBC09D351A413922BAB59EF25541C0286F3494351A41EBB4C011ADF2554113C9964534341A41B367F6DCACF2554112C31BD53A341A41FBB6E7E4C9F25541B62C11FB95351A41ECE7A071F2F25541FA86FCBB46341A41C7DE318FFEF25541FDC7724912331A41FAA4B8FBF6F25541C831324E24321A41220EDAD0F0F25541F18C2B69CF2F1A41F8E7EFFAE6F255414C5379CB782E1A419C978B18E3F25541E58B346A6F2E1A4189ABFDE61DF3554119FD7E28102E1A41421BEFC620F35541B7FE74D7E92B1A41F59EDFDF1EF355419E0EC886C22B1A4104B7449FFEF25541A3B47302332C1A41D761050FD7F2554114FC11D3822A1A410E30D29AE2F25541F4206939C5281A4122B87B5FEBF255416C4AEA3CED261A4169A9E893F0F25541D9EC1FFFEF251A41900F61C2C3F2554137C810C730271A4143B64A7290F255413BC881E628251A41B3F40E2488F255410B89134F5C241A41B0F7EF5288F2554195DDD7FAC4241A418B797DB076F25541681C5853EC231A4109B9932A5EF25541E6306569DD221A41F354300B54F25541DDEFE4F7F9211A416C81004D44F25541C5738F497E211A410F31F2D73AF2554139CDF5BB83201A416032BDE235F255417C5F062B0F1D1A41124DFB1C2DF255414ABA175C211B1A4165E1FA2D27F255419A8BFC777B1B1A41E27818FB0DF25541851274607F1B1A416041693603F255412016513D921A1A411787CF0801F25541BCAC89DD951A1A41BC9539B0F7F15541,Freckenhorst-Nord,FH-N,Kleinstadt,MSL,,2023-03-22 11:58:57.137,ländlich
12,0103000020E8640000010000003F0000006ABE7426F3111A41021ABA93D0FA554167F8972C82121A413909CBB7D1FA554104D11695AA121A41B2CA8417D0FA5541421800DF66141A41DEC3E92ED3FA55414654096305161A41D2D86ECCD9FA5541562DB75AD6171A4133E2C824DEFA5541274F9CECDE171A4155CAB724D7FA554121259635DE191A4186D7B35ADDFA5541FE408E1BDE1A1A410F237E92E1FA5541F48E6565F31A1A41A3BDA26FCFFA5541502992661E1B1A41ABAF5000C3FA5541103AFF8F361B1A4171B11442BDFA5541F5A846E06D1C1A4162BED390BEFA554174F5E1029A1C1A41EA4B3CF7A0FA554141B3DEC2CB1C1A4118A6C69585FA5541225C3D4BE41C1A41A2EB416E81FA5541DD25D89B191E1A411E70391790FA554182D4D667121F1A419D1287AAA1FA5541B06527C7DB1F1A41971BFF9BACFA5541F8C5D037FB201A4125BAACEEB4FA55418D8EEAD155231A41E5B76F28B9FA55418E682A03EA231A417E84329DBAFA554110B716D92C241A41D9A8EFD8A6FA5541C756FA759B241A4155E7BD12A0FA5541C0F836519E231A410946E0AD91FA554156A4822482221A41B8BEEC6781FA5541A43E18B15B211A41EB5FF9D270FA5541E881C47A45201A41B8C1275C64FA55410FA669A493201A417221906A3FFA5541DAF825C55B211A410BB891DA38FA5541EE12A68594221A412AB870E835FA55411A49EB5ABE221A417C32780213FA5541A7467B302B231A41D983D929EDF955412C5570316A1E1A416D1B9927EFF955410ED63DACD91C1A41708F629DF0F955413438A77E3F1A1A41160EFD38FFF955414EC1ADD176191A41FCA687A407FA5541409CA07535191A4149EEFDB80AFA554143883E25C6191A4183FC10CB1AFA5541AA30112721191A41D628631A25FA55415A5DD969C1191A410F183E5F2CFA554199A77974A8191A41BB9BDFB532FA5541B850B2B3F9181A41BEA8F6E838FA55410A33F337A3181A41E00876DA3FFA55417BBA40E5EA171A415B9B3DC442FA5541AAF4B51B13171A41A70966F642FA5541B2C132F7DB161A41B505FF124CFA5541FA0118DA57161A4188C1BA314CFA5541AF084CFD09161A4101335B4E52FA554170756E457D131A4100DC01C84EFA5541506394AF4C131A41CF394B543BFA5541A136AA58AB111A41E5C07A1A40FA554166C3C42A47121A41801E350C5AFA5541E2F9E188BE121A41A09DBCCE6EFA5541EA20BFCBD8111A41019020AB7EFA5541BC00A73254111A41CD21F9898FFA55410150229C4C111A41126A4CC394FA554107D636AC67111A418796E47B97FA55414A8983DCEF111A4176769CFC95FA5541FA606889E5111A41DC57255AA2FA5541C429298E09121A412D23468FB8FA55415F6874E9EC111A414D36D1EBC1FA55416ABE7426F3111A41021ABA93D0FA5541,Milte,MIL,Dorf,MSL,,2023-03-19 13:16:13.03,ländlich
22,0103000020E86400000100000089000000BA1423D28C691D412392B99E08E85441086EEF0803681D4143C16E11DDE754417BE36FE9AE681D415B6B811AC5E7544141EE110796691D4104E3AA5B9AE75441784EE382236B1D411F9F402F7DE75441B9CC2676666C1D41440C611A6EE75441DC276D94556C1D416E7325624BE754418AD2E21A646B1D41DBE5181C41E754411D6AFB90F26B1D41259091D135E7544186FD1BC7C56C1D41F80B7F483DE75441293C0254186D1D41A6F6C71A38E754413666CC17BE6D1D41E13FBD6A3AE75441988590E8186E1D419BFE625043E754416B01B0D1D46E1D41FB01F52C3DE75441C01B69632E6F1D41F0C53E242EE75441A6B540A3BC701D412D0360931EE754417DFFC0A370721D414D0B28E110E754416021E9233B731D410826765A01E75441AA6242C5D0731D416E8D868DEEE65441553D09AF5E741D417295DBFFD7E65441FBA39C8C21751D41C3E4C720C6E65441AFCFB2158A751D41B95865BEB4E65441CADE7183A7751D41FC31E320A7E654414C35F3E9DB751D4146E46A04A1E654413B3D454AF1751D4101D5291489E6544139A1CF01F1761D41C7C95FED82E65441546119B5F7761D4164F4088072E654415578D9661C761D41751F803D60E65441A2776D5E39751D4192C3273A4AE65441A373A5F147761D41EE892DD93FE6544136A6B39CEE761D417F88ED8653E65441143C634DB3771D411BA7885265E654417FDCDE2F4B791D41273AA81D7EE65441177EF82E0F7A1D4104C4224D82E65441D44632B78E7C1D4176B3106277E654416B51A84ED97D1D413158264D68E65441200A0C58EF7D1D41946B96085DE654415C76D83BD87E1D414B23A5B951E654413B76810B947E1D41AC81594A49E65441760628C60B7F1D4126B199C739E65441D4469DAB837E1D4153A5B38A2EE654415B1188D8907F1D412538D01007E6544135BE924073801D415531F6E010E654410AFEFF2B7B801D41D57427DB18E6544169E1D7350A801D4169E6A9E018E654417584AA34D67F1D418FE9DF6F27E654417E8613F37B801D418DC83CD028E65441D01FBD32CF801D41B700E03E31E654412C39CBBFE6801D41185DF5F344E65441FEFB30D3AA801D41C796EF884BE6544173AC2AF2A3811D41A7EEC62858E654419CF9840077821D41CB07DD575CE65441EAFF31651D831D41A31D75546BE65441A338D157CB841D41B8375F447AE654418E22A9FD7F871D414FF07D5277E654418242911900891D41095FC2A878E65441900D8522B8891D41ED620F05BFE6544117156F3240881D41CE8130D2CAE654418C7F9B4B13871D416B2C36FAD0E654410E824E7075861D41D4C256A3D6E65441AC4D0521C9851D4127B6C6F8E8E654412806BAA254861D4137CFECECF1E65441BC01F48679851D418EC7D8AAFCE65441C8407E7915871D4190EADA860AE754414F37D38971871D419107ED3C0FE754414D228B1722871D41A97B72F617E754414C159726A2861D41BEDAA18014E754415738F57D3E861D419202470118E75441949C149172861D41222FB17A1BE754419A68EFCD1A861D418B7CD23C1DE75441D0B979B2E2841D41A27EDB9B0FE7544101E523B49A841D414F423C220DE75441AB86688C9A841D4158810BE609E75441F1CB5AC41E831D4162C520C300E7544141136306BB821D41F87FE68502E7544152CE1639947F1D41701D1772FEE6544146DE6BAC5C7F1D41F13657AC05E7544173B16C37097E1D413F8E2BBE04E754418672744BD57D1D418D9F048104E75441C3EEBDD8D87D1D410FF4598BFBE654411182B34DCA7D1D41F0DC8417FAE65441D70EDABC807C1D41B7A4CBD503E75441A3F1A47A717B1D4182ABFBC60EE75441BBFD8AD88D7A1D413B3C488018E754410E40DF80AA791D417DDDDCF827E754410E372535A5781D414F9393C037E75441812B9883E4781D4141E27AF93BE754417E87572740781D415ED0640349E7544174F87326C2771D418120F0AA4CE75441B7CFF8FB09771D417C1498D851E754411CCE2510E7751D41CC701D5957E754410B56C85E26761D417C10F6915BE75441B7AFBCD0D0761D417929C10767E7544146BFBF9236761D41DA140EDF70E75441BA248E09AE761D41E78838EB7CE754415E6B0A8F86761D41175889AB7FE75441F5B04CE106771D41E60927D08CE7544157511FBB0E781D41263D748C87E75441506C5F1225781D41DD72E0208EE75441553102E6F0771D41B6B357089BE754413E0CF72E8B781D4176CC43649FE754417F7E339F52781D41FEA02292ACE75441BEC2EFD1C5771D412DFA23B2ADE7544139488961A7771D4142A8DC1BB5E7544120E03DBA8E771D41B41E12F4D7E75441AA468E3D05781D41F078A458D1E75441A225B1511F781D414280DDC1CAE75441A0E58DC3FF781D413A8FE7E3C9E754412806FA0E12791D41DC385D9AD7E754416B2029912E781D418EC3AA5AF3E754411E9D2C9463781D414000292FF7E75441E3A4C9013B791D41D4694834F2E75441327823557D791D412FCEEC39F8E75441542227A14C7A1D41308A8BB000E854414CCF3D5B78781D41C6DFA04536E854412E0B29B55A791D41F16D99CE5BE8544131B8A2B741771D41040AF3165BE8544108D024A816761D4153309C895FE854413A38B09316751D41A8A7D2AD4FE85441D99B18EA98751D4102591E302EE85441FDF7C62D10751D416F07647428E85441445F102BFE741D410F12D58020E8544184AAEFA50F751D41932BEE071EE8544161A41C92A1741D414912DE3A1DE85441E6E8105E9D731D4163B3DF2113E854418002D6C156721D41562840A401E8544124BECCD237711D416871BA83F1E7544198E282AFAF6F1D410F5BB2E9E9E75441D6389AFA606E1D4186482B6AE6E754417E0918F8586D1D419CB1521DE8E754412223C1297D6C1D4180A9255FEDE7544181FE3AD8506C1D419CEAB89EE7E754418E871E2B496B1D41F7EA29A1EFE754413CE2D5A2906A1D41BF831AFAF5E754416B73B927006A1D41A1EFB18B04E85441EB55A623C7691D417D95DD6508E85441BA1423D28C691D412392B99E08E85441,Wilhelmsfeld,WHF,Dorf,MRN,,2023-04-04 12:54:34.8,ländlich
17,0103000020E8640000010000003A0000008F3461BED1BC19413803C9C47EE055419F6CB507D4BD1941BC12C00281E055415EEFB7C697BE1941ED1ABDED81E055418CC02DD395BF194120D9960185E05541D8FFDA9F60C0194131B79D7190E05541688BA79B50C11941913F537EA2E05541B9EA0B4EE1C11941016F319AACE05541D3FCA66BE7C219413A02795ABEE055413E620040A9C319416D96CD85C9E0554123296C0774C41941B4CAD4F5D4E0554139F49FA566C51941256232CEDFE05541B812992665C61941C89792D2E4E055414DBC3FB709C719414F41A97EE5E05541BEA7F169E7C71941CBF17F9EE3E05541400846F2DEC81941EBEF1A65DEE05541DEDB0965F6C91941502DCD76DCE05541FE77806FA3CA19417FD37877DBE055418096AB78D2CC19414B06E928D8E055411A5B18416ACD19416A14A00FDBE0554124FFC718E4CD1941C52A26B3E2E05541E660AC249FCE194168069B75E4E05541BE6F5170E4CF19413CF5764DE8E05541E10D909B16D11941CD0BEE9FE6E055415E754A4316D119416CFF10BAD6E055412E411156AFD01941D9E82E81D6E05541D34D5E54CFD0194179D4F01EC6E055410887CAD912D1194158316BC7B3E0554160B5811865D119410DE16C899EE055412912400498D119413E74776687E0554173CFB4B5D0D11941FCDEBAD272E0554111BBF95C18D219419CB1B04E5CE055419E4517BD5BD21941D24FA55249E0554168EE6A15A3D2194170171E8631E0554139D7FBF74BD3194192A0EED203E055417B3C0B5FEED21941F8D281BEFFDF5541E236C876F6D21941C598BAC1F6DF5541B246384E3FD31941E1F5610CE5DF55417A0F98E532D3194158637329DFDF5541B2888A152BD2194198A77CADD7DF554153B8E72877D019414DA4BF37D1DF5541D79040E8DECE19418A1D6429CBDF55415351895F40CE1941EA7D4550CBDF5541C92D74E70BCC19416F960DDDCEDF5541B450C61504CC19416245B9F4C3DF5541D63B03E104CA194141722FC4C6DF554198197C2152C819416BA394ABCBDF55415700E6FFF2C519415E12FB39D5DF5541414FB8C0EAC41941045F6DD4CDDF5541137DC11088C4194175A2DF88D9DF554157C969B8AAC31941C80BB478D4DF554136B9EB1D13C31941E703B9ABE8DF55417776C4B1F1C11941076CAD3DF3DF554189296D6920C1194119E39FADFCDF5541F24130974FC01941328948F607E05541C312F3AA34BF194122DB72A52CE0554162DE15671DBE1941ED5CA5F34EE055418B74C9BD2FBD194126B566506EE055418F3461BED1BC19413803C9C47EE05541,Ahlen-West,AH-W,Stadt,MSL,,2023-03-23 00:08:24.174,städtisch
19,0103000020E8640000010000004F0000008D9AC638E61E1C41AD353F88A9E85441742D172C9B201C41847D54EEB8E854419260497B74221C418A1FAA65B9E85441E83858D298241C418A33BAFFAFE854411E4F85A0E3251C41F8408509A7E85441CFBB234B3E271C41D92E18009AE85441D9F22B1F98281C419C32688185E85441A6AFB5CBB42A1C411A2F191C68E854410A6784F5082D1C4131CCDF2E54E854418CD72FED0D301C41536BAEC427E854417FEC441019331C41CD2D4A7401E854417BB1C426B8351C4197EA49A1E1E7544184742A75AD381C4130E36FF8B9E7544140A44EF5723B1C4180F629819CE7544104D89ACCE83C1C410085531A8EE7544109DEDCA7A53C1C41EA8E4B2D7DE7544199AF302E933C1C41ACE9688469E75441A1315642803C1C4147B7C5C951E75441266910AF933C1C41E37D846A3CE75441A624AF94103C1C4109D480B937E75441719F0AAD3B3B1C414DF8675F31E754413A551F241F3A1C418301AEE922E75441431EFF87F7381C4132041EC312E754413A4610447F381C41CCA124BA0DE754411E86AF86AF381C41E386544307E75441819E9B3BD4371C4183749A6FF8E65441C90A4F14CE361C41F3D051BBEFE654410AA6955B75341C4165166D52DCE654413A20D358FD331C415DD633A9D9E654413B228E0C5E341C415637706DCEE65441DC2CAD1C4D331C412C3FE9BEC6E65441478F8A381B321C41AED0885DBCE654416F1862DB9A311C41A693376ED0E65441E21B3B36F2301C41409BDAD7D0E65441FAF07559802F1C41132E795CD2E65441EBC32363342E1C41AE7AD82AD2E6544133A75C67862C1C41A859AE56D1E65441C45A8DE3752C1C41B51971A6CFE65441D5B2A19E032C1C4190CA4CB3CFE65441EF678A2FFD2B1C415B47B6E2C6E6544125EDEC54F62B1C41C2332157BAE65441EE23EF51E52B1C41BE79443EB4E654412C62A43FEF2B1C4177329DC2ABE654415B8B9D627C2C1C41EF2956A5A8E654419D457545342C1C410BFFD8779CE6544146CEC27B9E2B1C412D5BF31883E654414331EF94452B1C41146B60DB72E65441A2FEED06CC2A1C419EDB70A162E65441517C36E6302A1C41967764474AE65441AA3D90B57A291C411317A04B33E654414123C03C32291C41C1A4791024E65441398918113F271C416F0C608331E65441193D06CDC9241C412B94026E43E65441C2E394619E241C415107717744E65441F3C76A623A251C41258D724764E65441A367423F91261C414F41964994E65441CEC1382C27271C41608CB7ACAEE654417D358D4F26271C416A136F08D7E654419FF3F64568251C41EA306696D8E65441BE11444532241C41A89AFD14DAE6544145D92F30FE241C41BA3292B6F0E65441400B2F3661251C41DB832D2AFAE65441F2CF799A1C261C41EB61771B0FE7544199FC1F3ED4261C41DD45EDF832E75441B883C14A4F271C410276A16B50E75441D02534FF6C271C414365F47266E75441DE3646B25A271C41DFBBD7F984E75441996E03D705271C41FA8E7F5798E75441B3777D1A76261C4188E4E935B4E75441A59FEAAEAA251C4108683476D1E75441835C505BA4241C41018E4FE0F6E75441FD12A28A19241C41E6E58DFE0DE854410B08027218231C415FFDF05E31E854419BFBBE1C83221C41486A578B4BE854414E773CE83D221C416FCF45CC58E85441537A2665A1211C410C019EB763E85441821CD37DBF201C41C5CDE1317AE8544184EAECB2971F1C4190C3BCD297E854418D9AC638E61E1C41AD353F88A9E85441,Mannheim-Lindenhof,MA-LH,Stadt,MRN,,2023-03-30 16:06:18.506,städtisch
21,0103000020E8640000010000003C0000005DA8EB5A58E31C4163621724E8EF5441B0F815F596E21C41C93E9196E2EF5441BBAFB3161CE21C4189152835DAEF5441875F78D4ADE11C41503AC39DCEEF544194190504ECE01C41158630DAC3EF5441118ED61197E01C418015A40AB3EF54415309D20C68E01C411A46E0CC99EF54410AAB950192E01C4187158CE672EF544172A59FD7C9E01C41C47518D358EF5441AA4CEF2973E11C41A4752F7221EF5441B858D9550AE21C417A253381F8EE54412179ADADF9E31C41895D545AF8EE544112E83CCA55E61C4194A2028DF0EE54418687CF5C42EC1C41B645D4D7DAEE54417ED6765307F11C419A4D6ED6C8EE54410354D3EDB7F41C411D78F61FBAEE544188BF379E4DF61C415E19E937BFEE544155C4CBE5AFF71C4147D81721C5EE54411428411A20FA1C41FC958A5AC7EE544147FE822E1CFC1C41C5F0C233C5EE5441DC72328228011D4127BA5668BAEE54417A6E5B8ECB011D41441D52D5D8EE54416ABC8B22D2011D412EC00CD6DAEE5441A57F49CF44011D41352DD1AEDDEE54411615E12957001D41957477F6E2EE5441C00D14E796FF1C41795B840AEDEE5441689675C45DFF1C410352537BF7EE544161F3BF63E5FE1C41605B59C610EF5441F1B80453D3FE1C41C7406A9E21EF54417AF9EF4BBBFE1C4102D304E138EF5441620C981F77FE1C41F729B92D5CEF5441D2972919E0FD1C410C6DA0EC89EF5441222963CD02FD1C41CA80521ABEEF5441D3959015C8FC1C41E9814AC6C9EF54414AFCBBEC44FD1C41F385BFF0CFEF54410BE7F51519FD1C41421F08FCE7EF544108749D430EFD1C41262C95F3FDEF5441E02D3E8E19FC1C41EE0EDEBAFCEF5441125E67E645FB1C413E78DAF2F9EF5441A3CB4EEE17FB1C41BDD9670DF5EF5441FF5D3727E2F71C41DF37ADA9E9EF5441BB45A9EACEF51C416B8F2C95E2EF5441547A3975ADF51C4188CB770316F054419820141FC1F41C41D71010D315F05441C6AC3E668BF41C41A8F26F2A18F05441DBEC3EF6F1F31C41E229B0B117F0544146E81B2CB8F31C411B36F8111BF054412AA4136DFFF01C4111ACDF2C18F05441997C86AFEDF01C41B5A171EF08F05441D436425874EF1C41F389AE4508F054418640837B89EF1C419BB3812BD7EF5441F7AB44FAFFED1C4104B36632DCEF5441EA4815B303ED1C41F97F8A8AE4EF5441160940B5FFEB1C415BDAAA61F4EF54416047596963EB1C41D8BA1DB504F05441CDC5314955EA1C4165952285FCEF5441B8A24C6D32E91C41F531CC56F4EF5441E0183E6E61E71C41D1160636ECEF5441371E629FA5E51C41A4563605EAEF54415DA8EB5A58E31C4163621724E8EF5441,Weinheim-Weststadt,WH-WS,Stadt,MRN,,2023-04-02 22:54:47.028,städtisch
14,0103000020E864000001000000680000003748063BB2B618413C84594A45F755418A1FDB6907B718413415BC484FF75541FB5F947C21B71841DA0B852150F75541164B27E096B718412954B24850F7554184E4285F90B7184117D71E0C52F75541B01CF44651B8184187F3DE9253F75541AF67378655B81841ECE60A1B52F75541C45D93E5E4B818418C6929D052F75541D993D678D0B81841E2D33A8A64F755412004F2BD90B9184162D9D9435CF755412AE84EBACFB91841551D15055BF755416987435097BA18414800435E5BF755416B60D957F7BB1841EFB5C0635BF755410312D3BD4FBC1841F08F3F8D60F7554118B7E415A6BD1841029E9ED276F7554104B5F23CF3BD18417E1D7F9B7DF75541538B819BA7BE1841D6D522847CF7554115FB5F580CBF18415C494EB264F75541AEBC386B1ABF184167CE012C55F755417DC50C28CDBF1841D5E16E6C56F755412157922D6BC018414E0D3B0459F75541C568965194C11841200E3CC95DF755416837257C8BC2184180B4264660F755418094D62617C41841769F89ED64F75541721325E25DC418417F1AD10366F7554108A93AA920C418411DED041C6DF7554184DDA86E7DC418414952263E71F7554101D3562BC0C41841FB9AD76D7CF75541A14DF1DDEEC41841E4FF7EA47BF755416615FB9605C618417F77F0D979F75541200CE81263C618413D7D269278F75541BE2800094DC6184131534B8675F755413EAA5C8803C718414A1B57B373F755415A85767A46C818414352F9AF70F75541DD9D43EE2CC91841AADE07036BF755417C8E82337CC9184117C4982A5CF7554117D2B385CFC91841678885AD4EF755411E3D776765CA184192D67D7C38F75541D34D2D1D77CB184163E76AA93AF755418747DF87DFCB1841FD6FD0A62AF75541D948E8AFF9CB1841E02DB60223F755412D04480B2ECB184138AD44561FF75541BD04FAA379CA1841BCB3150F1DF75541229718D5DFCA1841E86E4EE2FEF65541267C893550CB18411466229BDCF65541A41BA66B7CCB184109DB8753CEF655411A1D129C85CB1841C991736BBDF655411D35A67A5CCB1841991B2D8FA8F6554112912CC43ACB18410563148F96F65541496BE14A11CB1841707644AA7FF65541BA88588C9BCA18411EC43E9880F6554165499FF44DCA1841B4A6B2BA7EF65541093D3C6CCBC9184172A3169777F655415EA1A04013C91841A523B0DD68F655416C58D9E98FC81841AD33510F5FF65541D17E3D27E8C7184176C600014EF6554122449B4238C71841B3E95F613EF655413F74F76138C7184190020F4F35F65541D653E9763BC71841A9E2E7962CF65541D8FC12CD1CC71841DE65B78225F6554136AA7A21EDC61841428BB5CE1EF65541545C584E49C6184193BA1D5624F6554134048B44E3C518415D4B489726F65541401D7C5E53C518416FC8C97D22F6554144834546D7C41841653FBAD51DF65541C1A47EFEFEC31841784D5D4316F6554110179ACE76C318417B0B1774FCF55541E7CC3E81D0C218414286283B03F6554146DBD68636C21841AD7CA4040DF6554121830608BEC11841DF6C10D90AF6554138501A2C5EC118417FF7108F0EF65541A1F7B7022CC118410848C62112F65541E476CFE76DC01841719B957010F65541545CA3E7FCBE18414012AB3C10F655415A9D35BE06BE18419C09DF910FF655411F1E44080FBD1841537A26CB09F655412D1E31223ABD184187A8F7D6FFF55541353DC2433EBC1841F13C5043FDF55541421CD5A857BB1841B45D7C37FDF5554128671D2DAABA18413D8896A8FFF55541BDF512B525BA18412A34A7E923F65541D9846EAF7ABA18419B12FAA43EF6554197369220A2BA18418264A46A4AF6554120E8410D9CBA1841FD64BC2858F655415F0CB1CE47BA18413297114069F65541140D03EDD6B91841795D08A568F65541B689BDAD1FB91841448704B66AF65541B638DA8DE9B818414A89D7C87BF6554146CAED1BF8B81841AAB83DA484F65541AA992FCCA7B81841F2A8769C8DF65541568672C58FB81841C064A620A0F655410A4970A364B81841238D6ED3C1F65541CC7968F7A0B818416E1E9BADD8F65541C7DDE8AEC2B8184196B9548BF9F655415A5C5476D1B818417597BB2303F75541B94F0F6C67B81841A400E07B05F75541EF9A1E3947B818413198229D10F75541417614CC8AB81841CFEC314C18F75541F2C3BC5D78B81841F15F38B229F755416C7DE5A81CB818410E59352834F755414E55B2D1EFB71841705EB2B63CF755419F76C70EE6B61841D9A9635B40F7554186953DE8CEB61841179FA93B42F755413748063BB2B618413C84594A45F75541,Münster-Innenstadt,MS-IS,Innenstadt,MSL,,2023-03-20 16:03:44.286,städtisch
